RV1,"**Various Random Variable Probability Distributions**", SP, M,
RV1.1,"Normal", SP, M , Implemented
RV1.2,"Lognormal", SP, M, Implemented
RV1.3,"Uniform", SP, M, Implemented
RV1.4,"Beta", SP, M, Implemented
RV1.5,"Weibull",  SP, M , Implemented
RV1.6,"Gumbel",  SP, M, Implemented
RV1.7, "Ability to define parameters by moments or data samples", SP, D,  Implemented
RV2,"User Defined Distribution", SP, M, 
RV3,"Define Correlation Matrix", SP, M, Implemented
RV4,"Random Fields", SP, M, , 
RV5,"Ability to view graphically the density function when defining the RV", UF, D, Implemented